{
	"description": "项目配置文件",
	"packOptions": {
		"ignore": []
	},
	"setting": {
		"urlCheck": false,
		"es6": false,
		"postcss": true,
		"minified": true,
		"newFeature": true,
		"coverView": true,
		"nodeModules": false,
		"autoAudits": false,
		"checkInvalidKey": true,
		"checkSiteMap": false,
		"uploadWithSourceMap": true,
		"babelSetting": {
			"ignore": [],
			"disablePlugins": [],
			"outputPath": ""
		},
		"preloadBackgroundData": false,
		"showShadowRootInWxmlPanel": true,
		"scopeDataCheck": false
	},
	"miniprogramRoot": "miniprogram/",
	"compileType": "miniprogram",
	"libVersion": "2.9.4",
	"appid": "wx85afdef8d144c1ec",
	"projectname": "zhaizhile-cloud",
	"debugOptions": {
		"hidedInDevtools": []
	},
	"isGameTourist": false,
	"simulatorType": "wechat",
	"simulatorPluginLibVersion": {},
	"condition": {
		"search": {
			"current": -1,
			"list": []
		},
		"conversation": {
			"current": -1,
			"list": []
		},
		"plugin": {
			"current": -1,
			"list": []
		},
		"game": {
			"currentL": -1,
			"list": []
		},
		"gamePlugin": {
			"current": -1,
			"list": []
		},
		"miniprogram": {
			"current": 4,
			"list": [
				{
					"id": 0,
					"name": "pages/publishOrder/page1",
					"pathName": "pages/publishOrder/page1",
					"query": "",
					"scene": null
				},
				{
					"id": 1,
					"name": "pages/taskOrder/page2",
					"pathName": "pages/taskOrder/page2",
					"query": "",
					"scene": null
				},
				{
					"id": 2,
					"name": "pages/orderList/page3",
					"pathName": "pages/orderList/page3",
					"query": "",
					"scene": null
				},
				{
					"id": 3,
					"name": "pages/sendOrder/page4",
					"pathName": "pages/sendOrder/page4",
					"query": "",
					"scene": null
				},
				{
					"id": 4,
					"name": "pages/orderMobile/page5",
					"pathName": "pages/orderMobile/page5",
					"query": "",
					"scene": null
				},
				{
					"id": -1,
					"name": "index",
					"pathName": "pages/index/index",
					"query": "",
					"scene": null
				}
			]
		}
	}
}